USE OLShop;
GO

INSERT INTO Customer (CustomerID, CustomerName, CustomerBirth, CustomerAddr) VALUES
(1, N'张三', '1985-03-15', N'北京市朝阳区建国路88号'),
(2, N'李四', '1990-07-22', N'上海市浦东新区陆家嘴路100号'),
(3, N'王五', '1988-11-08', N'广州市天河区天河路200号'),
(4, N'赵六', '1995-01-30', N'深圳市南山区科技园路50号'),
(5, N'钱七', '1982-09-12', N'杭州市西湖区文三路300号'),
(6, N'孙八', '1993-05-25', N'成都市武侯区人民南路150号'),
(7, N'周九', '1987-12-03', N'武汉市江汉区解放大道250号'),
(8, N'吴十', '1991-06-18', N'南京市鼓楼区中山路180号');
GO

INSERT INTO Product (ProductID, ProductName, ProductCode) VALUES
(1, N'笔记本电脑', 'PROD-LAPTOP-001'),
(2, N'智能手机', 'PROD-PHONE-001'),
(3, N'平板电脑', 'PROD-TABLET-001'),
(4, N'智能手表', 'PROD-WATCH-001'),
(5, N'无线耳机', 'PROD-HEADPHONE-001'),
(6, N'机械键盘', 'PROD-KEYBOARD-001'),
(7, N'显示器', 'PROD-MONITOR-001'),
(8, N'移动硬盘', 'PROD-HARDDRIVE-001');
GO

INSERT INTO Sales (SalesID, SalesNumber, CustomerID, ProductID, SalesAmount) VALUES
(1, 'SO-2024-001', 1, 1, 5999.00),
(2, 'SO-2024-002', 1, 5, 299.00),
(3, 'SO-2024-003', 2, 2, 3999.00),
(4, 'SO-2024-004', 2, 4, 1299.00),
(5, 'SO-2024-005', 3, 3, 2499.00),
(6, 'SO-2024-006', 3, 6, 499.00),
(7, 'SO-2024-007', 4, 1, 5999.00),
(8, 'SO-2024-008', 4, 7, 1599.00),
(9, 'SO-2024-009', 5, 2, 3999.00),
(10, 'SO-2024-010', 5, 8, 599.00),
(11, 'SO-2024-011', 6, 3, 2499.00),
(12, 'SO-2024-012', 6, 5, 299.00),
(13, 'SO-2024-013', 7, 4, 1299.00),
(14, 'SO-2024-014', 7, 6, 499.00),
(15, 'SO-2024-015', 8, 1, 5999.00),
(16, 'SO-2024-016', 1, 2, 3999.00),
(17, 'SO-2024-017', 2, 3, 2499.00),
(18, 'SO-2024-018', 3, 4, 1299.00),
(19, 'SO-2024-019', 4, 5, 299.00),
(20, 'SO-2024-020', 5, 6, 499.00);
GO

PRINT 'Test data inserted successfully.';
GO
